id,created_at,name,email
1,2025-11-27 16:19:55.982292+00,Jolan Vantroyen,jolan.vantroyen@hotmail.com
2,2025-11-27 16:23:38.656043+00,Mathias De Vulder,mathias.devulder@ugent.be
3,2025-11-27 16:24:19.056674+00,"Lotte Cammu ",lottecammu@gmail.com
4,2025-11-27 16:26:49.898165+00,Thibault Ledegen,Thibault.ledegen@hotmail.com
5,2025-11-27 17:34:18.448521+00,Axelle Van Langenhove,axelle@parca.be
6,2025-11-27 17:38:11.777542+00,Jeff Goossens,jeffke@goossens.be
7,2025-11-27 17:38:35.93788+00,Anton Van Langenhove,anton@parca.be
8,2025-11-27 17:39:04.889744+00,Sofie Kindt,sofiekindt@telenet.be
9,2025-11-27 17:42:26.480842+00,Jan Desmet,Jan.Desmet@telenet.be
10,2025-11-27 18:32:59.879716+00,"Tine Cammu ",tinecammu@gmail.com
11,2025-11-28 15:30:17.866775+00,Kris Ledegen,Kris.ledegen@hotmail.com
12,2025-11-28 18:55:04.889329+00,"Renilde Heeremans ",renilde.heeremans@gmail.com
13,2025-11-29 09:49:12.491838+00,Matthias Ledegen,Matthias.ledegen@hotmail.com
14,2025-11-29 09:56:35.671874+00,Els Gregoir,Elsgregoir@hotmail.com
15,2025-11-29 14:36:34.812886+00,"Veerle Van Geert ",veerlevg@gmail.com
16,2025-11-29 14:38:28.494651+00,"Erwin Cammu ",erwin.cammu@vlaanderen.be
17,2025-11-29 18:01:58.433947+00,Laure,laure.ledegen@ugent.be
18,2025-11-30 16:59:57.525878+00,Robbe Capelleman,Robbe@capelleman.be
19,2025-12-01 13:12:48.229679+00,Maxime,ba.ma@gmail.com
20,2025-12-01 13:18:33.306027+00,ave,av@gmail.com
21,2025-12-01 20:37:23.898745+00,Louise Van Acker,Louise.VanAcker@gmail.com
22,2025-12-02 10:29:30.412822+00,Jef Vermassen,Jef.Vermassen@gmail.com
23,2025-12-03 14:38:46.279886+00,Koen Wauters,KoenWauters@clouseau.be
25,2025-01-01 10:00:00+00,Charlotte Vandenberghe,charlotte.vandenberghe.25@outlook.com
26,2025-01-01 10:01:00+00,Katrien De Vos,katrien.de.vos.26@gmail.com
27,2025-01-01 10:02:00+00,Sofie Janssens,sofie.janssens.27@outlook.com
28,2025-01-01 10:03:00+00,Dieter Dhaese,dieter.dhaese.28@hotmail.com
29,2025-01-01 10:04:00+00,Lore Van den Bossche,lore.van.den.bossche.29@hotmail.com
30,2025-01-01 10:05:00+00,Thomas De Bruyne,thomas.de.bruyne.30@hotmail.com
31,2025-01-01 10:06:00+00,Ines Vermeulen,ines.vermeulen.31@outlook.com
32,2025-01-01 10:07:00+00,Seppe De Bock,seppe.de.bock.32@outlook.com
33,2025-01-01 10:08:00+00,Paulien Van den Bossche,paulien.van.den.bossche.33@hotmail.com
34,2025-01-01 10:09:00+00,Hanne Claes,hanne.claes.34@gmail.com
35,2025-01-01 10:10:00+00,Celine Declercq,celine.declercq.35@gmail.com
36,2025-01-01 10:11:00+00,Jens Goossens,jens.goossens.36@gmail.com
37,2025-01-01 10:12:00+00,Amber Baert,amber.baert.37@gmail.com
38,2025-01-01 10:13:00+00,Kobe Declercq,kobe.declercq.38@gmail.com
39,2025-01-01 10:14:00+00,Florian Vermeulen,florian.vermeulen.39@gmail.com
40,2025-01-01 10:15:00+00,Femke Dhaese,femke.dhaese.40@outlook.com
41,2025-01-01 10:16:00+00,Katrien Van Damme,katrien.van.damme.41@gmail.com
42,2025-01-01 10:17:00+00,Silke Vangenechten,silke.vangenechten.42@gmail.com
43,2025-01-01 10:18:00+00,Hanne Dhaese,hanne.dhaese.43@outlook.com
44,2025-01-01 10:19:00+00,Wout van Aert,wout.van.acker.44@gmail.com
45,2025-01-01 10:20:00+00,Ines Vandenberghe,ines.vandenberghe.45@gmail.com
46,2025-01-01 10:21:00+00,Milan Vandenbroucke,milan.vandenbroucke.46@gmail.com
47,2025-01-01 10:22:00+00,Tim De Bruyne,tim.de.bruyne.47@gmail.com
48,2025-01-01 10:23:00+00,Paulien De Bruyne,paulien.de.bruyne.48@hotmail.com
49,2025-01-01 10:24:00+00,Tessa Willems,tessa.willems.49@outlook.com
50,2025-01-01 10:25:00+00,Dries Willems,dries.willems.50@hotmail.com
51,2025-01-01 10:26:00+00,Niels Maes,niels.maes.51@hotmail.com
52,2025-01-01 10:27:00+00,Charlotte De Winter,charlotte.de.winter.52@gmail.com
53,2025-01-01 10:28:00+00,Sara Van den Bossche,sara.van.den.bossche.53@hotmail.com
54,2025-01-01 10:29:00+00,Femke Jacobs,femke.jacobs.54@hotmail.com
55,2025-01-01 10:30:00+00,Stijn Jacobs,stijn.jacobs.55@gmail.com
56,2025-01-01 10:31:00+00,Lien De Smet,lien.de.smet.56@gmail.com
57,2025-01-01 10:32:00+00,Tim Van Roosbroeck,tim.van.roosbroeck.57@hotmail.com
58,2025-01-01 10:33:00+00,Kobe De Wilde,kobe.de.wilde.58@gmail.com
59,2025-01-01 10:34:00+00,Thomas De Bock,thomas.de.bock.59@outlook.com
60,2025-01-01 10:35:00+00,Maxim Verschueren,maxim.verschueren.60@hotmail.com
61,2025-01-01 10:36:00+00,Hanne Verhoeven,hanne.verhoeven.61@outlook.com
62,2025-01-01 10:37:00+00,Lore De Wilde,lore.de.wilde.62@hotmail.com
63,2025-01-01 10:38:00+00,Ruben Peeters,ruben.peeters.63@outlook.com
64,2025-01-01 10:39:00+00,Celine Verhoeven,celine.verhoeven.64@hotmail.com
65,2025-01-01 10:40:00+00,Annelies De Backer,annelies.de.backer.65@outlook.com
66,2025-01-01 10:41:00+00,Florian Van Damme,florian.van.damme.66@gmail.com
67,2025-01-01 10:42:00+00,Arne Baert,arne.baert.67@hotmail.com
68,2025-01-01 10:43:00+00,Laura Aerts,laura.aerts.68@gmail.com
69,2025-01-01 10:44:00+00,Tim Declercq,tim.declercq.69@hotmail.com
70,2025-01-01 10:45:00+00,Arne Van Damme,arne.van.damme.70@hotmail.com
71,2025-01-01 10:46:00+00,Stijn Janssens,stijn.janssens.71@outlook.com
72,2025-01-01 10:47:00+00,Julie De Backer,julie.de.backer.72@gmail.com
73,2025-01-01 10:48:00+00,Arne Goossens,arne.goossens.73@hotmail.com
74,2025-01-01 10:49:00+00,Sara Martens,sara.martens.74@hotmail.com
75,2025-01-01 10:50:00+00,Arne Van Acker,arne.van.acker.75@hotmail.com
76,2025-01-01 10:51:00+00,Jonas Segers,jonas.segers.76@outlook.com
77,2025-01-01 10:52:00+00,Niels Segers,niels.segers.77@gmail.com
78,2025-01-01 10:53:00+00,Lore Claes,lore.claes.78@outlook.com
79,2025-01-01 10:54:00+00,Celine Vermeulen,celine.vermeulen.79@gmail.com
80,2025-01-01 10:55:00+00,Silke De Vos,silke.de.vos.80@hotmail.com
81,2025-01-01 10:56:00+00,Charlotte Van Roosbroeck,charlotte.van.roosbroeck.81@hotmail.com
82,2025-01-01 10:57:00+00,Wout Van Damme,wout.van.damme.82@outlook.com
83,2025-01-01 10:58:00+00,Pieter Declercq,pieter.declercq.83@outlook.com
84,2025-01-01 10:59:00+00,Amber Vandenberghe,amber.vandenberghe.84@hotmail.com
85,2025-01-01 11:00:00+00,Thomas Verhoeven,thomas.verhoeven.85@hotmail.com
86,2025-01-01 11:01:00+00,Seppe Verschueren,seppe.verschueren.86@hotmail.com
87,2025-01-01 11:02:00+00,Paulien Vandenberghe,paulien.vandenberghe.87@outlook.com
88,2025-01-01 11:03:00+00,Silke Maes,silke.maes.88@hotmail.com
89,2025-01-01 11:04:00+00,Hanne Martens,hanne.martens.89@outlook.com
90,2025-01-01 11:05:00+00,Hanne Vangenechten,hanne.vangenechten.90@outlook.com
91,2025-01-01 11:06:00+00,Milan Willems,milan.willems.91@outlook.com
92,2025-01-01 11:07:00+00,Annelies Willems,annelies.willems.92@gmail.com
93,2025-01-01 11:08:00+00,Eva Aerts,eva.aerts.93@hotmail.com
94,2025-01-01 11:09:00+00,Thomas Vandeput,thomas.vandeput.94@outlook.com
95,2025-01-01 11:10:00+00,Sara Verschueren,sara.verschueren.95@outlook.com
96,2025-01-01 11:11:00+00,Tim Van den Bossche,tim.van.den.bossche.96@gmail.com
97,2025-01-01 11:12:00+00,Jonas Willems,jonas.willems.97@outlook.com
98,2025-01-01 11:13:00+00,Bert Baert,bert.baert.98@gmail.com
99,2025-01-01 11:14:00+00,Sofie Jacobs,sofie.jacobs.99@gmail.com
100,2025-01-01 11:15:00+00,Wout Vermeulen,wout.vermeulen.100@outlook.com
101,2025-01-01 11:16:00+00,Ruben Van den Bossche,ruben.van.den.bossche.101@gmail.com
102,2025-01-01 11:17:00+00,Lotte Willems,lotte.willems.102@gmail.com
103,2025-01-01 11:18:00+00,Niels Van den Bossche,niels.van.den.bossche.103@gmail.com
104,2025-01-01 11:19:00+00,Julie De Wilde,julie.de.wilde.104@gmail.com
105,2025-01-01 11:20:00+00,Arne Maes,arne.maes.105@hotmail.com
106,2025-01-01 11:21:00+00,Paulien Janssens,paulien.janssens.106@hotmail.com
107,2025-01-01 11:22:00+00,Julie Van Damme,julie.van.damme.107@gmail.com
108,2025-01-01 11:23:00+00,Pieter Van Damme,pieter.van.damme.108@hotmail.com
109,2025-01-01 11:24:00+00,Katrien Vandeput,katrien.vandeput.109@outlook.com
110,2025-01-01 11:25:00+00,Jonas De Winter,jonas.de.winter.110@gmail.com
111,2025-01-01 11:26:00+00,Lore Dhaese,lore.dhaese.111@outlook.com
112,2025-01-01 11:27:00+00,Tessa De Smet,tessa.de.smet.112@gmail.com
113,2025-01-01 11:28:00+00,Julie Martens,julie.martens.113@gmail.com
114,2025-01-01 11:29:00+00,Katrien Claes,katrien.claes.114@outlook.com
115,2025-01-01 11:30:00+00,Katrien Verschueren,katrien.verschueren.115@outlook.com
116,2025-01-01 11:31:00+00,Joke De Wilde,joke.de.wilde.116@hotmail.com
117,2025-01-01 11:32:00+00,Femke Vangenechten,femke.vangenechten.117@gmail.com
118,2025-01-01 11:33:00+00,Tim De Backer,tim.de.backer.118@hotmail.com
119,2025-01-01 11:34:00+00,Sara De Smet,sara.de.smet.119@hotmail.com
120,2025-01-01 11:35:00+00,Paulien Maes,paulien.maes.120@gmail.com
121,2025-01-01 11:36:00+00,Florian Declercq,florian.declercq.121@outlook.com
122,2025-01-01 11:37:00+00,Lore Vandeput,lore.vandeput.122@outlook.com
123,2025-01-01 11:38:00+00,Celine De Coster,celine.de.coster.123@outlook.com
124,2025-01-01 11:39:00+00,Bram De Bock,bram.de.bock.124@gmail.com
125,2025-01-01 11:40:00+00,Jonas Claes,jonas.claes.125@outlook.com
126,2025-01-01 11:41:00+00,Sofie Maes,sofie.maes.126@gmail.com
127,2025-01-01 11:42:00+00,Milan Segers,milan.segers.127@outlook.com
128,2025-01-01 11:43:00+00,Bert De Smet,bert.de.smet.128@gmail.com
129,2025-01-01 11:44:00+00,Stijn De Coster,stijn.de.coster.129@gmail.com
130,2025-01-01 11:45:00+00,Thomas Goossens,thomas.goossens.130@outlook.com
131,2025-01-01 11:46:00+00,Wout Peeters,wout.peeters.131@hotmail.com
132,2025-01-01 11:47:00+00,Annelies Van Roosbroeck,annelies.van.roosbroeck.132@gmail.com
133,2025-01-01 11:48:00+00,Bert Maes,bert.maes.133@hotmail.com
134,2025-01-01 11:49:00+00,Lore Verschueren,lore.verschueren.134@hotmail.com
135,2025-01-01 11:50:00+00,Tessa Aerts,tessa.aerts.135@hotmail.com
136,2025-01-01 11:51:00+00,Ines De Vos,ines.de.vos.136@outlook.com
137,2025-01-01 11:52:00+00,Mathias Declercq,mathias.declercq.137@hotmail.com
138,2025-01-01 11:53:00+00,Niels Van Damme,niels.van.damme.138@hotmail.com
139,2025-01-01 11:54:00+00,Dieter De Wilde,dieter.de.wilde.139@gmail.com
140,2025-01-01 11:55:00+00,Joke Verhoeven,joke.verhoeven.140@hotmail.com
141,2025-01-01 11:56:00+00,Amber Goossens,amber.goossens.141@hotmail.com
142,2025-01-01 11:57:00+00,Maxim De Bock,maxim.de.bock.142@gmail.com
143,2025-01-01 11:58:00+00,Ines Van den Bossche,ines.van.den.bossche.143@hotmail.com
144,2025-01-01 11:59:00+00,Lore Baert,lore.baert.144@gmail.com
145,2025-01-01 12:00:00+00,Lotte Martens,lotte.martens.145@gmail.com
146,2025-01-01 12:01:00+00,Dieter Vandeput,dieter.vandeput.146@outlook.com
147,2025-01-01 12:02:00+00,Ruben Van Acker,ruben.van.acker.147@hotmail.com
148,2025-01-01 12:03:00+00,Bram Peeters,bram.peeters.148@hotmail.com
149,2025-01-01 12:04:00+00,Maxim Vandenberghe,maxim.vandenberghe.149@outlook.com
150,2025-01-01 12:05:00+00,Lotte Declercq,lotte.declercq.150@hotmail.com
151,2025-01-01 12:06:00+00,Dries Claes,dries.claes.151@hotmail.com
152,2025-01-01 12:07:00+00,Seppe Aerts,seppe.aerts.152@outlook.com
153,2025-01-01 12:08:00+00,Lotte Vermeulen,lotte.vermeulen.153@outlook.com
154,2025-01-01 12:09:00+00,Niels Vandenbroucke,niels.vandenbroucke.154@gmail.com
155,2025-01-01 12:10:00+00,Arne Vermeulen,arne.vermeulen.155@hotmail.com
156,2025-01-01 12:11:00+00,Annelies De Vos,annelies.de.vos.156@gmail.com
157,2025-01-01 12:12:00+00,Niels De Winter,niels.de.winter.157@hotmail.com
158,2025-01-01 12:13:00+00,Thomas De Coster,thomas.de.coster.158@outlook.com
159,2025-01-01 12:14:00+00,Sara Jacobs,sara.jacobs.159@outlook.com
160,2025-01-01 12:15:00+00,Maxim Vangenechten,maxim.vangenechten.160@hotmail.com
161,2025-01-01 12:16:00+00,Thomas Jacobs,thomas.jacobs.161@outlook.com
162,2025-01-01 12:17:00+00,Seppe Willems,seppe.willems.162@hotmail.com
163,2025-01-01 12:18:00+00,Ruben Jacobs,ruben.jacobs.163@gmail.com
164,2025-01-01 12:19:00+00,Florian De Winter,florian.de.winter.164@hotmail.com
165,2025-01-01 12:20:00+00,Silke Janssens,silke.janssens.165@hotmail.com
166,2025-01-01 12:21:00+00,Mathias De Bruyne,mathias.de.bruyne.166@outlook.com
167,2025-01-01 12:22:00+00,Jens Jacobs,jens.jacobs.167@hotmail.com
168,2025-01-01 12:23:00+00,Kobe De Smet,kobe.de.smet.168@outlook.com
169,2025-01-01 12:24:00+00,Milan Vangenechten,milan.vangenechten.169@hotmail.com
170,2025-01-01 12:25:00+00,Hanne Van den Bossche,hanne.van.den.bossche.170@gmail.com
171,2025-01-01 12:26:00+00,Ruben Goossens,ruben.goossens.171@outlook.com
172,2025-01-01 12:27:00+00,Amber Willems,amber.willems.172@gmail.com
173,2025-01-01 12:28:00+00,Niels Vandenberghe,niels.vandenberghe.173@hotmail.com
174,2025-01-01 12:29:00+00,Ruben Dhaese,ruben.dhaese.174@hotmail.com
175,2025-01-01 12:30:00+00,Dieter Declercq,dieter.declercq.175@outlook.com
176,2025-01-01 12:31:00+00,Paulien De Wilde,paulien.de.wilde.176@hotmail.com
177,2025-01-01 12:32:00+00,Bram De Vos,bram.de.vos.177@hotmail.com
178,2025-01-01 12:33:00+00,Paulien Baert,paulien.baert.178@hotmail.com
179,2025-01-01 12:34:00+00,Ruben Vandenbroucke,ruben.vandenbroucke.179@gmail.com
180,2025-01-01 12:35:00+00,Bert Van Damme,bert.van.damme.180@gmail.com
181,2025-01-01 12:36:00+00,Kobe Willems,kobe.willems.181@outlook.com
182,2025-01-01 12:37:00+00,Julie De Bock,julie.de.bock.182@hotmail.com
183,2025-01-01 12:38:00+00,Wout Willems,wout.willems.183@outlook.com
184,2025-01-01 12:39:00+00,Arne Janssens,arne.janssens.184@outlook.com
185,2025-01-01 12:40:00+00,Ruben Maes,ruben.maes.185@gmail.com
186,2025-01-01 12:41:00+00,Ines Peeters,ines.peeters.186@hotmail.com
187,2025-01-01 12:42:00+00,Maxim Vermeulen,maxim.vermeulen.187@outlook.com
188,2025-01-01 12:43:00+00,Maxim Aerts,maxim.aerts.188@hotmail.com
189,2025-01-01 12:44:00+00,Annelies De Bock,annelies.de.bock.189@gmail.com
190,2025-01-01 12:45:00+00,Dieter Jacobs,dieter.jacobs.190@hotmail.com
191,2025-01-01 12:46:00+00,Femke Willems,femke.willems.191@hotmail.com
192,2025-01-01 12:47:00+00,Julie Dhaese,julie.dhaese.192@hotmail.com
193,2025-01-01 12:48:00+00,Lien Janssens,lien.janssens.193@gmail.com
194,2025-01-01 12:49:00+00,Stijn Segers,stijn.segers.194@hotmail.com
195,2025-01-01 12:50:00+00,Kobe De Bock,kobe.de.bock.195@outlook.com
196,2025-01-01 12:51:00+00,Arne Verhoeven,arne.verhoeven.196@outlook.com
197,2025-01-01 12:52:00+00,Wout Van den Bossche,wout.van.den.bossche.197@outlook.com
198,2025-01-01 12:53:00+00,Seppe Baert,seppe.baert.198@hotmail.com
199,2025-01-01 12:54:00+00,Maxim Van Acker,maxim.van.acker.199@hotmail.com
200,2025-01-01 12:55:00+00,Charlotte Willems,charlotte.willems.200@gmail.com
201,2025-01-01 12:56:00+00,Seppe Segers,seppe.segers.201@outlook.com
202,2025-01-01 12:57:00+00,Charlotte Vandenbroucke,charlotte.vandenbroucke.202@hotmail.com
203,2025-01-01 12:58:00+00,Bram Vandeput,bram.vandeput.203@gmail.com
204,2025-01-01 12:59:00+00,Charlotte Maes,charlotte.maes.204@gmail.com
205,2025-01-01 13:00:00+00,Jens Peeters,jens.peeters.205@outlook.com
206,2025-01-01 13:01:00+00,Thomas De Vos,thomas.de.vos.206@gmail.com
207,2025-01-01 13:02:00+00,Julie Vandenbroucke,julie.vandenbroucke.207@outlook.com
208,2025-01-01 13:03:00+00,Femke Peeters,femke.peeters.208@gmail.com
209,2025-01-01 13:04:00+00,Sara De Vos,sara.de.vos.209@hotmail.com
210,2025-01-01 13:05:00+00,Tessa Baert,tessa.baert.210@gmail.com
211,2025-01-01 13:06:00+00,Pieter De Smet,pieter.de.smet.211@hotmail.com
212,2025-01-01 13:07:00+00,Wout Claes,wout.claes.212@outlook.com
213,2025-01-01 13:08:00+00,Mathias Vangenechten,mathias.vangenechten.213@outlook.com
214,2025-01-01 13:09:00+00,Ruben Verhoeven,ruben.verhoeven.214@outlook.com
215,2025-01-01 13:10:00+00,Bram Janssens,bram.janssens.215@hotmail.com
216,2025-01-01 13:11:00+00,Dieter Peeters,dieter.peeters.216@outlook.com
217,2025-01-01 13:12:00+00,Pieter Van den Bossche,pieter.van.den.bossche.217@hotmail.com
218,2025-01-01 13:13:00+00,Charlotte Baert,charlotte.baert.218@outlook.com
219,2025-01-01 13:14:00+00,Ines Claes,ines.claes.219@outlook.com
220,2025-01-01 13:15:00+00,Femke De Wilde,femke.de.wilde.220@outlook.com
221,2025-01-01 13:16:00+00,Lotte Vandeput,lotte.vandeput.221@hotmail.com
222,2025-01-01 13:17:00+00,Dieter Vandenberghe,dieter.vandenberghe.222@hotmail.com
223,2025-01-01 13:18:00+00,Thomas Vandenbroucke,thomas.vandenbroucke.223@outlook.com
224,2025-01-01 13:19:00+00,Hanne De Wilde,hanne.de.wilde.224@hotmail.com
225,2025-01-01 13:20:00+00,Arne Peeters,arne.peeters.225@outlook.com
226,2025-01-01 13:21:00+00,Lotte Claes,lotte.claes.226@gmail.com
227,2025-01-01 13:22:00+00,Dries Verhoeven,dries.verhoeven.227@hotmail.com
228,2025-01-01 13:23:00+00,Stijn Van Acker,stijn.van.acker.228@outlook.com
229,2025-01-01 13:24:00+00,Niels Jacobs,niels.jacobs.229@gmail.com
230,2025-01-01 13:25:00+00,Femke Van Acker,femke.van.acker.230@hotmail.com
231,2025-01-01 13:26:00+00,Pieter Verhoeven,pieter.verhoeven.231@gmail.com
232,2025-01-01 13:27:00+00,Sara De Bock,sara.de.bock.232@outlook.com
233,2025-01-01 13:28:00+00,Stijn Vandenbroucke,stijn.vandenbroucke.233@gmail.com
234,2025-01-01 13:29:00+00,Jens Vandenbroucke,jens.vandenbroucke.234@gmail.com
235,2025-01-01 13:30:00+00,Maxim Vandenbroucke,maxim.vandenbroucke.235@hotmail.com
236,2025-01-01 13:31:00+00,Amber Vermeulen,amber.vermeulen.236@gmail.com
237,2025-01-01 13:32:00+00,Seppe Verhoeven,seppe.verhoeven.237@outlook.com
238,2025-01-01 13:33:00+00,Mathias Vandeput,mathias.vandeput.238@gmail.com
239,2025-01-01 13:34:00+00,Amber Janssens,amber.janssens.239@outlook.com
240,2025-01-01 13:35:00+00,Niels Janssens,niels.janssens.240@hotmail.com
241,2025-01-01 13:36:00+00,Joke Vermeulen,joke.vermeulen.241@hotmail.com
242,2025-01-01 13:37:00+00,Thomas Martens,thomas.martens.242@outlook.com
243,2025-01-01 13:38:00+00,Maxim Martens,maxim.martens.243@outlook.com
244,2025-01-01 13:39:00+00,Tessa Vandenbroucke,tessa.vandenbroucke.244@hotmail.com
245,2025-01-01 13:40:00+00,Lore Van Acker,lore.van.acker.245@gmail.com
246,2025-01-01 13:41:00+00,Paulien Peeters,paulien.peeters.246@hotmail.com
247,2025-01-01 13:42:00+00,Jonas Maes,jonas.maes.247@gmail.com
248,2025-01-01 13:43:00+00,Maxim Van Roosbroeck,maxim.van.roosbroeck.248@gmail.com
249,2025-01-01 13:44:00+00,Dries Vangenechten,dries.vangenechten.249@hotmail.com
250,2025-01-01 13:45:00+00,Katrien De Bruyne,katrien.de.bruyne.250@outlook.com
251,2025-01-01 13:46:00+00,Bram Claes,bram.claes.251@hotmail.com
252,2025-01-01 13:47:00+00,Sara Goossens,sara.goossens.252@outlook.com
253,2025-01-01 13:48:00+00,Dieter Willems,dieter.willems.253@hotmail.com
254,2025-01-01 13:49:00+00,Charlotte De Vos,charlotte.de.vos.254@outlook.com
255,2025-01-01 13:50:00+00,Milan Vandeput,milan.vandeput.255@gmail.com
256,2025-01-01 13:51:00+00,Silke Verhoeven,silke.verhoeven.256@gmail.com
257,2025-01-01 13:52:00+00,Bert Peeters,bert.peeters.257@hotmail.com
258,2025-01-01 13:53:00+00,Stijn Willems,stijn.willems.258@hotmail.com
259,2025-01-01 13:54:00+00,Eva Martens,eva.martens.259@hotmail.com
260,2025-01-01 13:55:00+00,Wout De Vos,wout.de.vos.260@gmail.com
261,2025-01-01 13:56:00+00,Hanne De Coster,hanne.de.coster.261@hotmail.com
262,2025-01-01 13:57:00+00,Eva Vandenbroucke,eva.vandenbroucke.262@outlook.com
263,2025-01-01 13:58:00+00,Bert Willems,bert.willems.263@outlook.com
264,2025-01-01 13:59:00+00,Sara Van Roosbroeck,sara.van.roosbroeck.264@hotmail.com
265,2025-01-01 14:00:00+00,Femke Verhoeven,femke.verhoeven.265@gmail.com
266,2025-01-01 14:01:00+00,Dieter Segers,dieter.segers.266@hotmail.com
267,2025-01-01 14:02:00+00,Ruben De Wilde,ruben.de.wilde.267@hotmail.com
268,2025-01-01 14:03:00+00,Jonas Vermeulen,jonas.vermeulen.268@gmail.com
269,2025-01-01 14:04:00+00,Paulien De Coster,paulien.de.coster.269@hotmail.com
270,2025-01-01 14:05:00+00,Laura De Bruyne,laura.de.bruyne.270@outlook.com
271,2025-01-01 14:06:00+00,Femke Van den Bossche,femke.van.den.bossche.271@outlook.com
272,2025-01-01 14:07:00+00,Dieter Van Roosbroeck,dieter.van.roosbroeck.272@outlook.com
273,2025-01-01 14:08:00+00,Ruben Baert,ruben.baert.273@gmail.com
274,2025-01-01 14:09:00+00,Tim Segers,tim.segers.274@outlook.com
275,2025-01-01 14:10:00+00,Sara Claes,sara.claes.275@gmail.com
276,2025-01-01 14:11:00+00,Lore Van Roosbroeck,lore.van.roosbroeck.276@outlook.com
277,2025-01-01 14:12:00+00,Annelies Declercq,annelies.declercq.277@gmail.com
278,2025-01-01 14:13:00+00,Thomas Aerts,thomas.aerts.278@hotmail.com
279,2025-01-01 14:14:00+00,Ruben De Smet,ruben.de.smet.279@outlook.com
280,2025-01-01 14:15:00+00,Lien Declercq,lien.declercq.280@outlook.com
281,2025-01-01 14:16:00+00,Silke De Winter,silke.de.winter.281@outlook.com
282,2025-01-01 14:17:00+00,Amber Van Acker,amber.van.acker.282@gmail.com
283,2025-01-01 14:18:00+00,Annelies Claes,annelies.claes.283@gmail.com
284,2025-01-01 14:19:00+00,Lotte Aerts,lotte.aerts.284@gmail.com
285,2025-01-01 14:20:00+00,Paulien De Smet,paulien.de.smet.285@hotmail.com
286,2025-01-01 14:21:00+00,Kobe Van Acker,kobe.van.acker.286@hotmail.com
287,2025-01-01 14:22:00+00,Bert De Bruyne,bert.de.bruyne.287@hotmail.com
288,2025-01-01 14:23:00+00,Dries Dhaese,dries.dhaese.288@hotmail.com
289,2025-01-01 14:24:00+00,Wout Vandeput,wout.vandeput.289@gmail.com
290,2025-01-01 14:25:00+00,Tessa Peeters,tessa.peeters.290@gmail.com
291,2025-01-01 14:26:00+00,Annelies Maes,annelies.maes.291@outlook.com
292,2025-01-01 14:27:00+00,Pieter Verschueren,pieter.verschueren.292@hotmail.com
293,2025-01-01 14:28:00+00,Dries Van Acker,dries.van.acker.293@gmail.com
294,2025-01-01 14:29:00+00,Laura De Coster,laura.de.coster.294@gmail.com
295,2025-01-01 14:30:00+00,Bert Verhoeven,bert.verhoeven.295@outlook.com
296,2025-01-01 14:31:00+00,Dries Vandeput,dries.vandeput.296@hotmail.com
297,2025-01-01 14:32:00+00,Ruben Aerts,ruben.aerts.297@hotmail.com
298,2025-01-01 14:33:00+00,Florian Jacobs,florian.jacobs.298@outlook.com
299,2025-01-01 14:34:00+00,Ines Van Roosbroeck,ines.van.roosbroeck.299@gmail.com
300,2025-01-01 14:35:00+00,Hanne Van Damme,hanne.van.damme.300@hotmail.com
301,2025-01-01 14:36:00+00,Bert Martens,bert.martens.301@outlook.com
302,2025-01-01 14:37:00+00,Paulien Jacobs,paulien.jacobs.302@hotmail.com
303,2025-01-01 14:38:00+00,Lotte Maes,lotte.maes.303@hotmail.com
304,2025-01-01 14:39:00+00,Thomas Verschueren,thomas.verschueren.304@outlook.com
305,2025-01-01 14:40:00+00,Dries Jacobs,dries.jacobs.305@outlook.com
306,2025-01-01 14:41:00+00,Tessa Van den Bossche,tessa.van.den.bossche.306@outlook.com
307,2025-01-01 14:42:00+00,Pieter Jacobs,pieter.jacobs.307@hotmail.com
308,2025-01-01 14:43:00+00,Sofie Van Acker,sofie.van.acker.308@hotmail.com
309,2025-01-01 14:44:00+00,Niels Martens,niels.martens.309@outlook.com
310,2025-01-01 14:45:00+00,Jonas Declercq,jonas.declercq.310@outlook.com
311,2025-01-01 14:46:00+00,Lotte Van Damme,lotte.van.damme.311@outlook.com
312,2025-01-01 14:47:00+00,Dries Van den Bossche,dries.van.den.bossche.312@hotmail.com
313,2025-01-01 14:48:00+00,Seppe Van Roosbroeck,seppe.van.roosbroeck.313@gmail.com
314,2025-01-01 14:49:00+00,Arne De Winter,arne.de.winter.314@outlook.com
315,2025-01-01 14:50:00+00,Bert Dhaese,bert.dhaese.315@hotmail.com
316,2025-01-01 14:51:00+00,Celine Dhaese,celine.dhaese.316@hotmail.com
317,2025-01-01 14:52:00+00,Hanne Van Acker,hanne.van.acker.317@hotmail.com
318,2025-01-01 14:53:00+00,Lotte De Bock,lotte.de.bock.318@hotmail.com
319,2025-01-01 14:54:00+00,Sara Van Damme,sara.van.damme.319@hotmail.com
320,2025-01-01 14:55:00+00,Ruben Vandenberghe,ruben.vandenberghe.320@hotmail.com
321,2025-01-01 14:56:00+00,Sofie Verhoeven,sofie.verhoeven.321@outlook.com
322,2025-01-01 14:57:00+00,Stijn De Wilde,stijn.de.wilde.322@outlook.com
323,2025-01-01 14:58:00+00,Bert Jacobs,bert.jacobs.323@gmail.com
324,2025-01-01 14:59:00+00,Ines Van Damme,ines.van.damme.324@outlook.com
325,2025-01-01 15:00:00+00,Sofie De Coster,sofie.de.coster.325@gmail.com
326,2025-01-01 15:01:00+00,Dries Maes,dries.maes.326@hotmail.com
327,2025-01-01 15:02:00+00,Jonas De Backer,jonas.de.backer.327@gmail.com
328,2025-01-01 15:03:00+00,Bert De Wilde,bert.de.wilde.328@hotmail.com
329,2025-01-01 15:04:00+00,Femke Martens,femke.martens.329@gmail.com
330,2025-01-01 15:05:00+00,Wout Segers,wout.segers.330@hotmail.com
331,2025-01-01 15:06:00+00,Lore De Vos,lore.de.vos.331@outlook.com
332,2025-01-01 15:07:00+00,Silke Dhaese,silke.dhaese.332@outlook.com
333,2025-01-01 15:08:00+00,Tim Verschueren,tim.verschueren.333@outlook.com
334,2025-01-01 15:09:00+00,Sara Vandenberghe,sara.vandenberghe.334@hotmail.com
335,2025-01-01 15:10:00+00,Tim Aerts,tim.aerts.335@hotmail.com
336,2025-01-01 15:11:00+00,Charlotte Janssens,charlotte.janssens.336@hotmail.com
337,2025-01-01 15:12:00+00,Joke Goossens,joke.goossens.337@hotmail.com
338,2025-01-01 15:13:00+00,Hanne Baert,hanne.baert.338@hotmail.com
339,2025-01-01 15:14:00+00,Mathias Van Damme,mathias.van.damme.339@hotmail.com
340,2025-01-01 15:15:00+00,Sara Van Acker,sara.van.acker.340@gmail.com
341,2025-01-01 15:16:00+00,Florian Vandeput,florian.vandeput.341@outlook.com
342,2025-01-01 15:17:00+00,Celine Van Roosbroeck,celine.van.roosbroeck.342@outlook.com
343,2025-01-01 15:18:00+00,Florian De Bruyne,florian.de.bruyne.343@gmail.com
344,2025-01-01 15:19:00+00,Milan De Winter,milan.de.winter.344@outlook.com
345,2025-01-01 15:20:00+00,Pieter Janssens,pieter.janssens.345@hotmail.com
346,2025-01-01 15:21:00+00,Stijn Claes,stijn.claes.346@gmail.com
347,2025-01-01 15:22:00+00,Florian De Vos,florian.de.vos.347@outlook.com
348,2025-01-01 15:23:00+00,Katrien Baert,katrien.baert.348@outlook.com
349,2025-01-01 15:24:00+00,Kobe Segers,kobe.segers.349@hotmail.com
350,2025-01-01 15:25:00+00,Lore Janssens,lore.janssens.350@hotmail.com
351,2025-01-01 15:26:00+00,Annelies De Wilde,annelies.de.wilde.351@hotmail.com
352,2025-01-01 15:27:00+00,Wout Baert,wout.baert.352@outlook.com
353,2025-01-01 15:28:00+00,Tessa Van Roosbroeck,tessa.van.roosbroeck.353@gmail.com
354,2025-01-01 15:29:00+00,Ines De Winter,ines.de.winter.354@gmail.com
355,2025-01-01 15:30:00+00,Dieter Van den Bossche,dieter.van.den.bossche.355@hotmail.com
356,2025-01-01 15:31:00+00,Lore Van Damme,lore.van.damme.356@hotmail.com
357,2025-01-01 15:32:00+00,Charlotte Van den Bossche,charlotte.van.den.bossche.357@hotmail.com
358,2025-01-01 15:33:00+00,Jonas Goossens,jonas.goossens.358@gmail.com
359,2025-01-01 15:34:00+00,Wout Declercq,wout.declercq.359@outlook.com
360,2025-01-01 15:35:00+00,Sofie Verschueren,sofie.verschueren.360@outlook.com
361,2025-01-01 15:36:00+00,Katrien Vandenbroucke,katrien.vandenbroucke.361@gmail.com
362,2025-01-01 15:37:00+00,Niels Willems,niels.willems.362@outlook.com
363,2025-01-01 15:38:00+00,Joke Peeters,joke.peeters.363@hotmail.com
364,2025-01-01 15:39:00+00,Tessa Jacobs,tessa.jacobs.364@outlook.com
365,2025-01-01 15:40:00+00,Joke De Bruyne,joke.de.bruyne.365@hotmail.com
366,2025-01-01 15:41:00+00,Joke De Smet,joke.de.smet.366@outlook.com
367,2025-01-01 15:42:00+00,Laura Goossens,laura.goossens.367@gmail.com
368,2025-01-01 15:43:00+00,Pieter Vandenberghe,pieter.vandenberghe.368@hotmail.com
369,2025-01-01 15:44:00+00,Niels Baert,niels.baert.369@gmail.com
370,2025-01-01 15:45:00+00,Tim Goossens,tim.goossens.370@gmail.com
371,2025-01-01 15:46:00+00,Julie De Coster,julie.de.coster.371@gmail.com
372,2025-01-01 15:47:00+00,Tessa Vandenberghe,tessa.vandenberghe.372@outlook.com
373,2025-01-01 15:48:00+00,Ines Verhoeven,ines.verhoeven.373@hotmail.com
374,2025-01-01 15:49:00+00,Jonas Aerts,jonas.aerts.374@outlook.com
375,2025-01-01 15:50:00+00,Annelies Vandeput,annelies.vandeput.375@gmail.com
376,2025-01-01 15:51:00+00,Femke Janssens,femke.janssens.376@outlook.com
377,2025-01-01 15:52:00+00,Seppe De Bruyne,seppe.de.bruyne.377@hotmail.com
378,2025-01-01 15:53:00+00,Eva Verschueren,eva.verschueren.378@outlook.com
379,2025-01-01 15:54:00+00,Annelies Vermeulen,annelies.vermeulen.379@hotmail.com
380,2025-01-01 15:55:00+00,Charlotte Martens,charlotte.martens.380@hotmail.com
381,2025-01-01 15:56:00+00,Kobe Verhoeven,kobe.verhoeven.381@outlook.com
382,2025-01-01 15:57:00+00,Lien Segers,lien.segers.382@hotmail.com
383,2025-01-01 15:58:00+00,Tessa Vandeput,tessa.vandeput.383@gmail.com
384,2025-01-01 15:59:00+00,Dieter De Backer,dieter.de.backer.384@gmail.com
385,2025-01-01 16:00:00+00,Amber Vandenbroucke,amber.vandenbroucke.385@outlook.com
386,2025-01-01 16:01:00+00,Hanne De Backer,hanne.de.backer.386@gmail.com
387,2025-01-01 16:02:00+00,Milan Maes,milan.maes.387@hotmail.com
388,2025-01-01 16:03:00+00,Eva De Winter,eva.de.winter.388@outlook.com
389,2025-01-01 16:04:00+00,Jens Van den Bossche,jens.van.den.bossche.389@hotmail.com
390,2025-01-01 16:05:00+00,Femke Vermeulen,femke.vermeulen.390@gmail.com
391,2025-01-01 16:06:00+00,Annelies Van den Bossche,annelies.van.den.bossche.391@hotmail.com
392,2025-01-01 16:07:00+00,Jonas Janssens,jonas.janssens.392@hotmail.com
393,2025-01-01 16:08:00+00,Hanne Van Roosbroeck,hanne.van.roosbroeck.393@gmail.com
394,2025-01-01 16:09:00+00,Dries Van Roosbroeck,dries.van.roosbroeck.394@outlook.com
395,2025-01-01 16:10:00+00,Dries Vandenbroucke,dries.vandenbroucke.395@hotmail.com
396,2025-01-01 16:11:00+00,Mathias Goossens,mathias.goossens.396@outlook.com
397,2025-01-01 16:12:00+00,Amber Claes,amber.claes.397@outlook.com
398,2025-01-01 16:13:00+00,Julie Claes,julie.claes.398@outlook.com
399,2025-01-01 16:14:00+00,Julie Van Acker,julie.van.acker.399@hotmail.com
400,2025-01-01 16:15:00+00,Amber Vangenechten,amber.vangenechten.400@outlook.com
401,2025-01-01 16:16:00+00,Stijn Goossens,stijn.goossens.401@hotmail.com
402,2025-01-01 16:17:00+00,Kobe Vandenbroucke,kobe.vandenbroucke.402@outlook.com
403,2025-01-01 16:18:00+00,Ruben De Bock,ruben.de.bock.403@hotmail.com
404,2025-01-01 16:19:00+00,Ines Van Acker,ines.van.acker.404@outlook.com
405,2025-01-01 16:20:00+00,Kobe Martens,kobe.martens.405@hotmail.com
406,2025-01-01 16:21:00+00,Sofie Van den Bossche,sofie.van.den.bossche.406@outlook.com
407,2025-01-01 16:22:00+00,Ruben De Backer,ruben.de.backer.407@hotmail.com
408,2025-01-01 16:23:00+00,Thomas Van Roosbroeck,thomas.van.roosbroeck.408@hotmail.com
409,2025-01-01 16:24:00+00,Arne De Bock,arne.de.bock.409@outlook.com
410,2025-01-01 16:25:00+00,Charlotte De Bruyne,charlotte.de.bruyne.410@hotmail.com
411,2025-01-01 16:26:00+00,Wout Aerts,wout.aerts.411@gmail.com
412,2025-01-01 16:27:00+00,Lore De Bruyne,lore.de.bruyne.412@outlook.com
413,2025-01-01 16:28:00+00,Lore Vermeulen,lore.vermeulen.413@hotmail.com
414,2025-01-01 16:29:00+00,Stijn Aerts,stijn.aerts.414@gmail.com
415,2025-01-01 16:30:00+00,Mathias De Bock,mathias.de.bock.415@gmail.com
416,2025-01-01 16:31:00+00,Celine Vangenechten,celine.vangenechten.416@outlook.com
417,2025-01-01 16:32:00+00,Bram De Coster,bram.de.coster.417@gmail.com
418,2025-01-01 16:33:00+00,Pieter Maes,pieter.maes.418@gmail.com
419,2025-01-01 16:34:00+00,Niels Vermeulen,niels.vermeulen.419@outlook.com
420,2025-01-01 16:35:00+00,Laura Willems,laura.willems.420@gmail.com
421,2025-01-01 16:36:00+00,Niels De Backer,niels.de.backer.421@outlook.com
422,2025-01-01 16:37:00+00,Pieter De Bock,pieter.de.bock.422@outlook.com
423,2025-01-01 16:38:00+00,Bram Jacobs,bram.jacobs.423@hotmail.com
424,2025-01-01 16:39:00+00,Niels De Coster,niels.de.coster.424@hotmail.com
425,2025-01-01 16:40:00+00,Lotte Verschueren,lotte.verschueren.425@hotmail.com
426,2025-01-01 16:41:00+00,Wout De Wilde,wout.de.wilde.426@outlook.com
427,2025-01-01 16:42:00+00,Femke Vandenbroucke,femke.vandenbroucke.427@outlook.com
428,2025-01-01 16:43:00+00,Tessa Janssens,tessa.janssens.428@gmail.com
429,2025-01-01 16:44:00+00,Tim Vandenberghe,tim.vandenberghe.429@hotmail.com
430,2025-01-01 16:45:00+00,Kobe Vandeput,kobe.vandeput.430@gmail.com
431,2025-01-01 16:46:00+00,Jens De Winter,jens.de.winter.431@hotmail.com
432,2025-01-01 16:47:00+00,Sofie De Smet,sofie.de.smet.432@outlook.com
433,2025-01-01 16:48:00+00,Amber Peeters,amber.peeters.433@gmail.com
434,2025-01-01 16:49:00+00,Niels Dhaese,niels.dhaese.434@outlook.com
435,2025-01-01 16:50:00+00,Mathias De Backer,mathias.de.backer.435@gmail.com
436,2025-01-01 16:51:00+00,Lore Segers,lore.segers.436@outlook.com
437,2025-01-01 16:52:00+00,Florian Willems,florian.willems.437@gmail.com
438,2025-01-01 16:53:00+00,Celine Vandeput,celine.vandeput.438@hotmail.com
439,2025-01-01 16:54:00+00,Julie Maes,julie.maes.439@gmail.com
440,2025-01-01 16:55:00+00,Dries Aerts,dries.aerts.440@gmail.com
441,2025-01-01 16:56:00+00,Katrien Dhaese,katrien.dhaese.441@outlook.com
442,2025-01-01 16:57:00+00,Milan De Bruyne,milan.de.bruyne.442@gmail.com
443,2025-01-01 16:58:00+00,Lien Vermeulen,lien.vermeulen.443@gmail.com
444,2025-01-01 16:59:00+00,Mathias Claes,mathias.claes.444@gmail.com
445,2025-01-01 17:00:00+00,Ruben De Coster,ruben.de.coster.445@outlook.com
446,2025-01-01 17:01:00+00,Hanne Aerts,hanne.aerts.446@gmail.com
447,2025-01-01 17:02:00+00,Thomas Maes,thomas.maes.447@hotmail.com
448,2025-01-01 17:03:00+00,Paulien De Vos,paulien.de.vos.448@gmail.com
449,2025-01-01 17:04:00+00,Laura De Vos,laura.de.vos.449@outlook.com
450,2025-01-01 17:05:00+00,Eva Vangenechten,eva.vangenechten.450@gmail.com
451,2025-01-01 17:06:00+00,Joke De Coster,joke.de.coster.451@outlook.com
452,2025-01-01 17:07:00+00,Eva De Wilde,eva.de.wilde.452@hotmail.com
453,2025-01-01 17:08:00+00,Sofie Vermeulen,sofie.vermeulen.453@gmail.com
454,2025-01-01 17:09:00+00,Annelies Van Acker,annelies.van.acker.454@hotmail.com
455,2025-01-01 17:10:00+00,Mathias Van den Bossche,mathias.van.den.bossche.455@outlook.com
456,2025-01-01 17:11:00+00,Niels De Vos,niels.de.vos.456@gmail.com
457,2025-01-01 17:12:00+00,Jens De Bock,jens.de.bock.457@outlook.com
458,2025-01-01 17:13:00+00,Charlotte Van Acker,charlotte.van.acker.458@outlook.com
459,2025-01-01 17:14:00+00,Annelies Segers,annelies.segers.459@outlook.com
460,2025-01-01 17:15:00+00,Kobe Claes,kobe.claes.460@gmail.com
461,2025-01-01 17:16:00+00,Paulien Vermeulen,paulien.vermeulen.461@outlook.com
462,2025-01-01 17:17:00+00,Milan Van Roosbroeck,milan.van.roosbroeck.462@gmail.com
463,2025-01-01 17:18:00+00,Milan Peeters,milan.peeters.463@outlook.com
464,2025-01-01 17:19:00+00,Joke De Vos,joke.de.vos.464@hotmail.com
465,2025-01-01 17:20:00+00,Ruben Janssens,ruben.janssens.465@gmail.com
466,2025-01-01 17:21:00+00,Silke De Wilde,silke.de.wilde.466@hotmail.com
467,2025-01-01 17:22:00+00,Eva Vermeulen,eva.vermeulen.467@hotmail.com
468,2025-01-01 17:23:00+00,Milan De Wilde,milan.de.wilde.468@gmail.com
469,2025-01-01 17:24:00+00,Lien De Winter,lien.de.winter.469@hotmail.com
470,2025-01-01 17:25:00+00,Maxim De Wilde,maxim.de.wilde.470@gmail.com
471,2025-01-01 17:26:00+00,Maxim Peeters,maxim.peeters.471@gmail.com
472,2025-01-01 17:27:00+00,Jonas Jacobs,jonas.jacobs.472@gmail.com
473,2025-01-01 17:28:00+00,Charlotte Aerts,charlotte.aerts.473@outlook.com
474,2025-01-01 17:29:00+00,Mathias Willems,mathias.willems.474@outlook.com
475,2025-01-01 17:30:00+00,Tessa De Bock,tessa.de.bock.475@gmail.com
476,2025-01-01 17:31:00+00,Wout Vangenechten,wout.vangenechten.476@hotmail.com
477,2025-01-01 17:32:00+00,Sara Willems,sara.willems.477@gmail.com
478,2025-01-01 17:33:00+00,Silke De Coster,silke.de.coster.478@outlook.com
479,2025-01-01 17:34:00+00,Tessa Claes,tessa.claes.479@gmail.com
480,2025-01-01 17:35:00+00,Celine Aerts,celine.aerts.480@outlook.com
481,2025-01-01 17:36:00+00,Lien Baert,lien.baert.481@hotmail.com
482,2025-01-01 17:37:00+00,Mathias De Coster,mathias.de.coster.482@outlook.com
483,2025-01-01 17:38:00+00,Wout De Smet,wout.de.smet.483@outlook.com
484,2025-01-01 17:39:00+00,Niels De Wilde,niels.de.wilde.484@outlook.com
485,2025-01-01 17:40:00+00,Stijn Van den Bossche,stijn.van.den.bossche.485@hotmail.com
486,2025-01-01 17:41:00+00,Sofie De Bruyne,sofie.de.bruyne.486@hotmail.com
487,2025-01-01 17:42:00+00,Wout Goossens,wout.goossens.487@outlook.com
488,2025-01-01 17:43:00+00,Julie Van den Bossche,julie.van.den.bossche.488@hotmail.com
489,2025-01-01 17:44:00+00,Seppe Vandenbroucke,seppe.vandenbroucke.489@hotmail.com
490,2025-01-01 17:45:00+00,Amber De Bock,amber.de.bock.490@outlook.com
491,2025-01-01 17:46:00+00,Niels Van Roosbroeck,niels.van.roosbroeck.491@outlook.com
492,2025-01-01 17:47:00+00,Femke Segers,femke.segers.492@gmail.com
493,2025-01-01 17:48:00+00,Celine Baert,celine.baert.493@gmail.com
494,2025-01-01 17:49:00+00,Amber Van den Bossche,amber.van.den.bossche.494@gmail.com
495,2025-01-01 17:50:00+00,Maxim Segers,maxim.segers.495@hotmail.com
496,2025-01-01 17:51:00+00,Julie De Bruyne,julie.de.bruyne.496@gmail.com
497,2025-01-01 17:52:00+00,Hanne Vandeput,hanne.vandeput.497@gmail.com
498,2025-01-01 17:53:00+00,Kobe Van Roosbroeck,kobe.van.roosbroeck.498@hotmail.com
499,2025-01-01 17:54:00+00,Katrien Segers,katrien.segers.499@hotmail.com
500,2025-01-01 17:55:00+00,Joke Janssens,joke.janssens.500@outlook.com
501,2025-01-01 17:56:00+00,Lore Peeters,lore.peeters.501@hotmail.com
502,2025-01-01 17:57:00+00,Kobe De Coster,kobe.de.coster.502@hotmail.com
503,2025-01-01 17:58:00+00,Katrien Janssens,katrien.janssens.503@hotmail.com
504,2025-01-01 17:59:00+00,Dries Baert,dries.baert.504@outlook.com
505,2025-01-01 18:00:00+00,Niels Claes,niels.claes.505@gmail.com
506,2025-01-01 18:01:00+00,Arne De Vos,arne.de.vos.506@hotmail.com
507,2025-01-01 18:02:00+00,Lore Jacobs,lore.jacobs.507@gmail.com
508,2025-01-01 18:03:00+00,Maxim Baert,maxim.baert.508@outlook.com
509,2025-01-01 18:04:00+00,Julie Baert,julie.baert.509@outlook.com
510,2025-01-01 18:05:00+00,Seppe Claes,seppe.claes.510@gmail.com
511,2025-01-01 18:06:00+00,Sara Vandeput,sara.vandeput.511@gmail.com
512,2025-01-01 18:07:00+00,Julie Vermeulen,julie.vermeulen.512@outlook.com
513,2025-01-01 18:08:00+00,Silke De Bruyne,silke.de.bruyne.513@gmail.com
514,2025-01-01 18:09:00+00,Milan Aerts,milan.aerts.514@hotmail.com
515,2025-01-01 18:10:00+00,Dieter Goossens,dieter.goossens.515@outlook.com
516,2025-01-01 18:11:00+00,Jonas Verhoeven,jonas.verhoeven.516@outlook.com
517,2025-01-01 18:12:00+00,Charlotte Goossens,charlotte.goossens.517@outlook.com
518,2025-01-01 18:13:00+00,Ines Jacobs,ines.jacobs.518@outlook.com
519,2025-01-01 18:14:00+00,Silke Peeters,silke.peeters.519@hotmail.com
520,2025-01-01 18:15:00+00,Hanne Peeters,hanne.peeters.520@outlook.com
521,2025-01-01 18:16:00+00,Arne Dhaese,arne.dhaese.521@gmail.com
522,2025-01-01 18:17:00+00,Dries De Backer,dries.de.backer.522@outlook.com
523,2025-01-01 18:18:00+00,Kobe Maes,kobe.maes.523@hotmail.com
524,2025-01-01 18:19:00+00,Ines De Coster,ines.de.coster.524@outlook.com
526,2025-12-03 15:10:21.765633+00,Matthias Schoenaerts,MatthiasSchoenaerts@gevangenis.be
527,2025-12-03 15:11:38.473204+00,Gert Verhulst,Gert.Verhulst@samson.be
528,2025-12-03 18:29:28.327347+00,Piet Piraat,Piet.Piraat@hotmail.com
529,2025-12-06 15:51:45.370082+00,Elisabeth De Vulder,elisabeth.devulder@gmail.com
530,2025-12-06 15:54:13.854025+00,Alexander De Vulder,alexander.devulder@gmail.com
531,2025-12-06 15:56:16.602223+00,Kristof De Vulder,kristof.devulder@gmail.com
532,2025-12-06 16:00:56.815261+00,Anneleen Van Cauwenberge,anneleen.vancauwenberge@gmail.com
533,2025-12-08 09:32:26.955135+00,Johan Willems,Johan.willems@hotmail.com
534,2025-12-09 11:49:34.544225+00,Toon Teugels,toonteu@gmail.com